tournament,team,wins,matches,goal_difference,goal_difference_average,win_ratio,continent
African Cup of Nations,Algeria,28.0,74.0,8.0,0.10810810810810811,0.3783783783783784,Africa
African Cup of Nations,Angola,4.0,26.0,-9.0,-0.34615384615384615,0.15384615384615385,Africa
African Cup of Nations,Benin,0.0,14.0,-17.0,-1.2142857142857142,0.0,Africa
African Cup of Nations,Botswana,0.0,3.0,-7.0,-2.3333333333333335,0.0,Africa
African Cup of Nations,Burkina Faso,7.0,41.0,-24.0,-0.5853658536585366,0.17073170731707318,Africa
African Cup of Nations,Burundi,0.0,3.0,-4.0,-1.3333333333333333,0.0,Africa
African Cup of Nations,Cameroon,41.0,84.0,47.0,0.5595238095238095,0.4880952380952381,Africa
African Cup of Nations,Cape Verde,1.0,7.0,-1.0,-0.14285714285714285,0.14285714285714285,Africa
African Cup of Nations,Congo,7.0,26.0,-13.0,-0.5,0.2692307692307692,Africa
African Cup of Nations,DR Congo,20.0,73.0,-14.0,-0.1917808219178082,0.273972602739726,Africa
African Cup of Nations,Egypt,57.0,100.0,76.0,0.76,0.57,Africa
African Cup of Nations,Equatorial Guinea,4.0,10.0,-2.0,-0.2,0.4,Africa
African Cup of Nations,Ethiopia,7.0,27.0,-32.0,-1.1851851851851851,0.25925925925925924,Africa
African Cup of Nations,Gabon,6.0,21.0,-7.0,-0.3333333333333333,0.2857142857142857,Africa
African Cup of Nations,Ghana,54.0,99.0,48.0,0.48484848484848486,0.5454545454545454,Africa
African Cup of Nations,Guinea,12.0,43.0,-4.0,-0.09302325581395349,0.27906976744186046,Africa
African Cup of Nations,Guinea-Bissau,0.0,6.0,-7.0,-1.1666666666666667,0.0,Africa
African Cup of Nations,Ivory Coast,42.0,95.0,38.0,0.4,0.4421052631578947,Africa
African Cup of Nations,Kenya,2.0,17.0,-20.0,-1.1764705882352942,0.11764705882352941,Africa
African Cup of Nations,Liberia,1.0,5.0,-2.0,-0.4,0.2,Africa
African Cup of Nations,Libya,3.0,11.0,-1.0,-0.09090909090909091,0.2727272727272727,Africa
African Cup of Nations,Madagascar,2.0,5.0,0.0,0.0,0.4,Africa
African Cup of Nations,Malawi,1.0,6.0,-5.0,-0.8333333333333334,0.16666666666666666,Africa
African Cup of Nations,Mali,17.0,50.0,-5.0,-0.1,0.34,Africa
African Cup of Nations,Mauritania,0.0,3.0,-3.0,-1.0,0.0,Africa
African Cup of Nations,Mauritius,0.0,3.0,-6.0,-2.0,0.0,Africa
African Cup of Nations,Morocco,24.0,65.0,16.0,0.24615384615384617,0.36923076923076925,Africa
African Cup of Nations,Mozambique,0.0,12.0,-22.0,-1.8333333333333333,0.0,Africa
African Cup of Nations,Namibia,0.0,9.0,-14.0,-1.5555555555555556,0.0,Africa
African Cup of Nations,Niger,0.0,6.0,-8.0,-1.3333333333333333,0.0,Africa
African Cup of Nations,Nigeria,51.0,93.0,45.0,0.4838709677419355,0.5483870967741935,Africa
African Cup of Nations,Rwanda,1.0,3.0,0.0,0.0,0.3333333333333333,Africa
African Cup of Nations,Senegal,23.0,60.0,15.0,0.25,0.38333333333333336,Africa
African Cup of Nations,Sierra Leone,1.0,5.0,-9.0,-1.8,0.2,Africa
African Cup of Nations,South Africa,16.0,43.0,3.0,0.06976744186046512,0.37209302325581395,Africa
African Cup of Nations,Sudan,7.0,24.0,-10.0,-0.4166666666666667,0.2916666666666667,Africa
African Cup of Nations,Tanzania,0.0,6.0,-9.0,-1.5,0.0,Africa
African Cup of Nations,Togo,3.0,25.0,-23.0,-0.92,0.12,Africa
African Cup of Nations,Tunisia,23.0,75.0,1.0,0.013333333333333334,0.30666666666666664,Africa
African Cup of Nations,Uganda,4.0,23.0,-17.0,-0.7391304347826086,0.17391304347826086,Africa
African Cup of Nations,Zambia,26.0,67.0,12.0,0.1791044776119403,0.3880597014925373,Africa
African Cup of Nations,Zimbabwe,2.0,12.0,-14.0,-1.1666666666666667,0.16666666666666666,Africa
Copa América,Argentina,127.0,202.0,292.0,1.4455445544554455,0.6287128712871287,America
Copa América,Bolivia,20.0,119.0,-190.0,-1.596638655462185,0.16806722689075632,America
Copa América,Brazil,108.0,191.0,226.0,1.1832460732984293,0.5654450261780105,America
Copa América,Chile,67.0,190.0,-22.0,-0.11578947368421053,0.3526315789473684,America
Copa América,Colombia,47.0,126.0,-52.0,-0.4126984126984127,0.373015873015873,America
Copa América,Costa Rica,5.0,17.0,-14.0,-0.8235294117647058,0.29411764705882354,America
Copa América,Ecuador,16.0,128.0,-195.0,-1.5234375,0.125,America
Copa América,Haiti,0.0,3.0,-11.0,-3.6666666666666665,0.0,America
Copa América,Honduras,3.0,6.0,2.0,0.3333333333333333,0.5,America
Copa América,Jamaica,0.0,6.0,-9.0,-1.5,0.0,America
Copa América,Japan,0.0,6.0,-9.0,-1.5,0.0,Asia
Copa América,Mexico,19.0,48.0,4.0,0.08333333333333333,0.3958333333333333,America
Copa América,Panama,1.0,3.0,-6.0,-2.0,0.3333333333333333,America
Copa América,Paraguay,65.0,179.0,-37.0,-0.20670391061452514,0.36312849162011174,America
Copa América,Peru,57.0,161.0,-25.0,-0.15527950310559005,0.35403726708074534,America
Copa América,Qatar,0.0,3.0,-3.0,-1.0,0.0,Asia
Copa América,United States,5.0,18.0,-11.0,-0.6111111111111112,0.2777777777777778,America
Copa América,Uruguay,112.0,206.0,188.0,0.912621359223301,0.5436893203883495,America
Copa América,Venezuela,8.0,70.0,-128.0,-1.8285714285714285,0.11428571428571428,America
FIFA World Cup,Algeria,3.0,13.0,-6.0,-0.46153846153846156,0.23076923076923078,Africa
FIFA World Cup,Angola,0.0,3.0,-1.0,-0.3333333333333333,0.0,Africa
FIFA World Cup,Argentina,43.0,79.0,49.0,0.620253164556962,0.5443037974683544,America
FIFA World Cup,Australia,2.0,15.0,-18.0,-1.2,0.13333333333333333,Oceania
FIFA World Cup,Austria,11.0,27.0,-8.0,-0.2962962962962963,0.4074074074074074,Europe
FIFA World Cup,Belgium,20.0,48.0,-4.0,-0.08333333333333333,0.4166666666666667,Europe
FIFA World Cup,Bolivia,0.0,5.0,-15.0,-3.0,0.0,America
FIFA World Cup,Bosnia and Herzegovina,1.0,3.0,0.0,0.0,0.3333333333333333,Europe
FIFA World Cup,Brazil,68.0,99.0,114.0,1.1515151515151516,0.6868686868686869,America
FIFA World Cup,Bulgaria,3.0,26.0,-31.0,-1.1923076923076923,0.11538461538461539,Europe
FIFA World Cup,Cameroon,4.0,23.0,-25.0,-1.0869565217391304,0.17391304347826086,Africa
FIFA World Cup,Canada,0.0,3.0,-5.0,-1.6666666666666667,0.0,America
FIFA World Cup,Chile,10.0,31.0,-10.0,-0.3225806451612903,0.3225806451612903,America
FIFA World Cup,China,0.0,3.0,-9.0,-3.0,0.0,Asia
FIFA World Cup,Colombia,9.0,20.0,8.0,0.4,0.45,America
FIFA World Cup,Costa Rica,5.0,17.0,-6.0,-0.35294117647058826,0.29411764705882354,America
FIFA World Cup,Croatia,11.0,23.0,9.0,0.391304347826087,0.4782608695652174,Europe
FIFA World Cup,Cuba,1.0,3.0,-7.0,-2.3333333333333335,0.3333333333333333,America
FIFA World Cup,Czech Republic,1.0,3.0,-1.0,-0.3333333333333333,0.3333333333333333,Europe
FIFA World Cup,DR Congo,0.0,1.0,-2.0,-2.0,0.0,Africa
FIFA World Cup,Denmark,9.0,20.0,4.0,0.2,0.45,Europe
FIFA World Cup,Ecuador,4.0,10.0,-1.0,-0.1,0.4,America
FIFA World Cup,Egypt,0.0,7.0,-7.0,-1.0,0.0,Africa
FIFA World Cup,El Salvador,0.0,6.0,-21.0,-3.5,0.0,America
FIFA World Cup,England,27.0,67.0,24.0,0.3582089552238806,0.40298507462686567,Europe
FIFA World Cup,France,34.0,63.0,45.0,0.7142857142857143,0.5396825396825397,Europe
FIFA World Cup,Germany,63.0,105.0,95.0,0.9047619047619048,0.6,Europe
FIFA World Cup,Ghana,4.0,12.0,-3.0,-0.25,0.3333333333333333,Africa
FIFA World Cup,Greece,2.0,10.0,-15.0,-1.5,0.2,Europe
FIFA World Cup,Haiti,0.0,3.0,-12.0,-4.0,0.0,America
FIFA World Cup,Honduras,0.0,8.0,-10.0,-1.25,0.0,America
FIFA World Cup,Hungary,15.0,31.0,31.0,1.0,0.4838709677419355,Europe
FIFA World Cup,Iceland,0.0,3.0,-3.0,-1.0,0.0,Europe
FIFA World Cup,Iran,2.0,15.0,-15.0,-1.0,0.13333333333333333,Asia
FIFA World Cup,Iraq,0.0,3.0,-3.0,-1.0,0.0,Asia
FIFA World Cup,Israel,0.0,3.0,-2.0,-0.6666666666666666,0.0,Asia
FIFA World Cup,Italy,43.0,81.0,48.0,0.5925925925925926,0.5308641975308642,Europe
FIFA World Cup,Ivory Coast,3.0,9.0,-1.0,-0.1111111111111111,0.3333333333333333,Africa
FIFA World Cup,Jamaica,1.0,3.0,-6.0,-2.0,0.3333333333333333,America
FIFA World Cup,Japan,5.0,21.0,-9.0,-0.42857142857142855,0.23809523809523808,Asia
FIFA World Cup,Mexico,15.0,55.0,-37.0,-0.6727272727272727,0.2727272727272727,America
FIFA World Cup,Morocco,2.0,16.0,-8.0,-0.5,0.125,Africa
FIFA World Cup,Netherlands,27.0,49.0,41.0,0.8367346938775511,0.5510204081632653,Europe
FIFA World Cup,New Zealand,0.0,6.0,-10.0,-1.6666666666666667,0.0,Oceania
FIFA World Cup,Nigeria,6.0,21.0,-7.0,-0.3333333333333333,0.2857142857142857,Africa
FIFA World Cup,North Korea,1.0,7.0,-15.0,-2.142857142857143,0.14285714285714285,Asia
FIFA World Cup,Northern Ireland,1.0,10.0,-12.0,-1.2,0.1,Europe
FIFA World Cup,Norway,2.0,8.0,-1.0,-0.125,0.25,Europe
FIFA World Cup,Panama,0.0,3.0,-9.0,-3.0,0.0,America
FIFA World Cup,Paraguay,7.0,26.0,-8.0,-0.3076923076923077,0.2692307692307692,America
FIFA World Cup,Peru,5.0,18.0,-12.0,-0.6666666666666666,0.2777777777777778,America
FIFA World Cup,Poland,15.0,33.0,0.0,0.0,0.45454545454545453,Europe
FIFA World Cup,Portugal,14.0,30.0,14.0,0.4666666666666667,0.4666666666666667,Europe
FIFA World Cup,Republic of Ireland,2.0,13.0,0.0,0.0,0.15384615384615385,Europe
FIFA World Cup,Romania,7.0,19.0,-2.0,-0.10526315789473684,0.3684210526315789,Europe
FIFA World Cup,Russia,18.0,44.0,21.0,0.4772727272727273,0.4090909090909091,Europe
FIFA World Cup,Saudi Arabia,3.0,16.0,-28.0,-1.75,0.1875,Asia
FIFA World Cup,Scotland,4.0,21.0,-16.0,-0.7619047619047619,0.19047619047619047,Europe
FIFA World Cup,Senegal,3.0,8.0,1.0,0.125,0.375,Africa
FIFA World Cup,Serbia,4.0,13.0,-10.0,-0.7692307692307693,0.3076923076923077,Europe
FIFA World Cup,Slovakia,1.0,4.0,-2.0,-0.5,0.25,Europe
FIFA World Cup,Slovenia,1.0,6.0,-5.0,-0.8333333333333334,0.16666666666666666,Europe
FIFA World Cup,South Africa,2.0,9.0,-5.0,-0.5555555555555556,0.2222222222222222,Africa
FIFA World Cup,South Korea,6.0,34.0,-36.0,-1.0588235294117647,0.17647058823529413,Asia
FIFA World Cup,Spain,29.0,60.0,28.0,0.4666666666666667,0.48333333333333334,Europe
FIFA World Cup,Sweden,18.0,50.0,6.0,0.12,0.36,Europe
FIFA World Cup,Switzerland,12.0,35.0,-10.0,-0.2857142857142857,0.34285714285714286,Europe
FIFA World Cup,Togo,0.0,3.0,-5.0,-1.6666666666666667,0.0,Africa
FIFA World Cup,Trinidad and Tobago,0.0,3.0,-4.0,-1.3333333333333333,0.0,America
FIFA World Cup,Tunisia,2.0,15.0,-12.0,-0.8,0.13333333333333333,Africa
FIFA World Cup,Turkey,5.0,10.0,3.0,0.3,0.5,Asia
FIFA World Cup,Ukraine,2.0,5.0,-2.0,-0.4,0.4,Europe
FIFA World Cup,United Arab Emirates,0.0,2.0,-6.0,-3.0,0.0,Asia
FIFA World Cup,United States,8.0,32.0,-21.0,-0.65625,0.25,America
FIFA World Cup,Uruguay,22.0,53.0,8.0,0.1509433962264151,0.41509433962264153,America
Friendly,Afghanistan,8.0,29.0,-17.0,-0.5862068965517241,0.27586206896551724,Asia
Friendly,Albania,37.0,100.0,0.0,0.0,0.37,Europe
Friendly,Algeria,86.0,215.0,50.0,0.23255813953488372,0.4,Africa
Friendly,Andorra,3.0,47.0,-79.0,-1.6808510638297873,0.06382978723404255,Europe
Friendly,Angola,39.0,131.0,-9.0,-0.06870229007633588,0.29770992366412213,Africa
Friendly,Antigua and Barbuda,18.0,56.0,-21.0,-0.375,0.32142857142857145,America
Friendly,Argentina,182.0,358.0,252.0,0.7039106145251397,0.5083798882681564,America
Friendly,Armenia,19.0,66.0,-45.0,-0.6818181818181818,0.2878787878787879,Asia
Friendly,Aruba,10.0,53.0,-48.0,-0.9056603773584906,0.18867924528301888,America
Friendly,Australia,114.0,255.0,85.0,0.3333333333333333,0.4470588235294118,Oceania
Friendly,Austria,171.0,431.0,53.0,0.12296983758700696,0.39675174013921116,Europe
Friendly,Azerbaijan,33.0,118.0,-31.0,-0.2627118644067797,0.2796610169491525,Asia
Friendly,Bahamas,1.0,5.0,-15.0,-3.0,0.2,America
Friendly,Bahrain,63.0,172.0,16.0,0.09302325581395349,0.36627906976744184,Asia
Friendly,Bangladesh,14.0,43.0,-10.0,-0.23255813953488372,0.32558139534883723,Asia
Friendly,Barbados,42.0,132.0,-57.0,-0.4318181818181818,0.3181818181818182,America
Friendly,Belarus,41.0,118.0,3.0,0.025423728813559324,0.3474576271186441,Europe
Friendly,Belgium,166.0,437.0,-46.0,-0.10526315789473684,0.37986270022883295,Europe
Friendly,Belize,8.0,18.0,8.0,0.4444444444444444,0.4444444444444444,America
Friendly,Benin,25.0,125.0,-116.0,-0.928,0.2,Africa
Friendly,Bermuda,19.0,72.0,-56.0,-0.7777777777777778,0.2638888888888889,America
Friendly,Bhutan,1.0,12.0,-28.0,-2.3333333333333335,0.08333333333333333,Asia
Friendly,Bolivia,35.0,147.0,-77.0,-0.5238095238095238,0.23809523809523808,America
Friendly,Bosnia and Herzegovina,24.0,82.0,-26.0,-0.3170731707317073,0.2926829268292683,Europe
Friendly,Botswana,42.0,138.0,-43.0,-0.3115942028985507,0.30434782608695654,Africa
Friendly,Brazil,281.0,407.0,571.0,1.402948402948403,0.6904176904176904,America
Friendly,Bulgaria,104.0,316.0,-41.0,-0.12974683544303797,0.3291139240506329,Europe
Friendly,Burkina Faso,61.0,190.0,-30.0,-0.15789473684210525,0.32105263157894737,Africa
Friendly,Burundi,11.0,37.0,1.0,0.02702702702702703,0.2972972972972973,Africa
Friendly,Cambodia,6.0,46.0,-67.0,-1.4565217391304348,0.13043478260869565,Asia
Friendly,Cameroon,62.0,198.0,-16.0,-0.08080808080808081,0.31313131313131315,Africa
Friendly,Canada,60.0,195.0,-99.0,-0.5076923076923077,0.3076923076923077,America
Friendly,Cape Verde,13.0,35.0,4.0,0.11428571428571428,0.37142857142857144,Africa
Friendly,Cayman Islands,2.0,18.0,-42.0,-2.3333333333333335,0.1111111111111111,America
Friendly,Central African Republic,4.0,23.0,-34.0,-1.4782608695652173,0.17391304347826086,Africa
Friendly,Chad,4.0,22.0,-26.0,-1.1818181818181819,0.18181818181818182,Africa
Friendly,Chile,125.0,310.0,7.0,0.02258064516129032,0.4032258064516129,America
Friendly,China,122.0,273.0,100.0,0.3663003663003663,0.4468864468864469,Asia
Friendly,Colombia,93.0,224.0,64.0,0.2857142857142857,0.41517857142857145,America
Friendly,Comoros,5.0,13.0,6.0,0.46153846153846156,0.38461538461538464,Africa
Friendly,Congo,44.0,134.0,-22.0,-0.16417910447761194,0.3283582089552239,Africa
Friendly,Cook Islands,1.0,3.0,1.0,0.3333333333333333,0.3333333333333333,Oceania
Friendly,Costa Rica,70.0,225.0,-10.0,-0.044444444444444446,0.3111111111111111,America
Friendly,Croatia,68.0,137.0,82.0,0.5985401459854015,0.49635036496350365,Europe
Friendly,Cuba,28.0,115.0,-44.0,-0.3826086956521739,0.24347826086956523,America
Friendly,Curaçao,60.0,127.0,48.0,0.3779527559055118,0.47244094488188976,America
Friendly,Cyprus,21.0,102.0,-70.0,-0.6862745098039216,0.20588235294117646,Asia
Friendly,Czech Republic,55.0,115.0,74.0,0.6434782608695652,0.4782608695652174,Europe
Friendly,DR Congo,56.0,173.0,21.0,0.12138728323699421,0.3236994219653179,Africa
Friendly,Denmark,149.0,343.0,103.0,0.30029154518950435,0.43440233236151604,Europe
Friendly,Djibouti,2.0,20.0,-56.0,-2.8,0.1,Africa
Friendly,Dominica,9.0,34.0,-42.0,-1.2352941176470589,0.2647058823529412,America
Friendly,Dominican Republic,10.0,28.0,-11.0,-0.39285714285714285,0.35714285714285715,America
Friendly,Ecuador,82.0,224.0,24.0,0.10714285714285714,0.36607142857142855,America
Friendly,Egypt,132.0,292.0,118.0,0.4041095890410959,0.4520547945205479,Africa
Friendly,El Salvador,52.0,224.0,-148.0,-0.6607142857142857,0.23214285714285715,America
Friendly,England,221.0,397.0,427.0,1.0755667506297228,0.5566750629722922,Europe
Friendly,Equatorial Guinea,8.0,30.0,-13.0,-0.43333333333333335,0.26666666666666666,Africa
Friendly,Eritrea,2.0,9.0,-7.0,-0.7777777777777778,0.2222222222222222,Africa
Friendly,Estonia,78.0,262.0,-141.0,-0.5381679389312977,0.29770992366412213,Europe
Friendly,Eswatini,22.0,114.0,-103.0,-0.9035087719298246,0.19298245614035087,Africa
Friendly,Ethiopia,52.0,116.0,67.0,0.5775862068965517,0.4482758620689655,Africa
Friendly,Faroe Islands,18.0,61.0,-69.0,-1.1311475409836065,0.29508196721311475,Europe
Friendly,Fiji,29.0,75.0,12.0,0.16,0.38666666666666666,Oceania
Friendly,Finland,89.0,327.0,-249.0,-0.7614678899082569,0.27217125382262997,Europe
Friendly,France,207.0,464.0,38.0,0.08189655172413793,0.44612068965517243,Europe
Friendly,French Guiana,12.0,56.0,-62.0,-1.1071428571428572,0.21428571428571427,America
Friendly,Gabon,45.0,160.0,-30.0,-0.1875,0.28125,Africa
Friendly,Gambia,26.0,92.0,-44.0,-0.4782608695652174,0.2826086956521739,Africa
Friendly,Georgia,36.0,103.0,-13.0,-0.1262135922330097,0.34951456310679613,Asia
Friendly,Germany,379.0,733.0,581.0,0.7926330150068213,0.5170532060027285,Europe
Friendly,Ghana,122.0,282.0,143.0,0.5070921985815603,0.4326241134751773,Africa
Friendly,Gibraltar,4.0,19.0,-23.0,-1.2105263157894737,0.21052631578947367,Europe
Friendly,Greece,82.0,252.0,-47.0,-0.1865079365079365,0.3253968253968254,Europe
Friendly,Greenland,0.0,7.0,-14.0,-2.0,0.0,America
Friendly,Grenada,13.0,58.0,-40.0,-0.6896551724137931,0.22413793103448276,America
Friendly,Guadeloupe,36.0,101.0,-29.0,-0.2871287128712871,0.3564356435643564,America
Friendly,Guam,6.0,15.0,15.0,1.0,0.4,Oceania
Friendly,Guatemala,65.0,211.0,-69.0,-0.32701421800947866,0.3080568720379147,America
Friendly,Guernsey,3.0,20.0,-9.0,-0.45,0.15,Europe
Friendly,Guinea,56.0,181.0,-7.0,-0.03867403314917127,0.30939226519337015,Africa
Friendly,Guinea-Bissau,12.0,27.0,-5.0,-0.18518518518518517,0.4444444444444444,Africa
Friendly,Guyana,43.0,151.0,-91.0,-0.6026490066225165,0.2847682119205298,America
Friendly,Haiti,71.0,208.0,-30.0,-0.14423076923076922,0.34134615384615385,America
Friendly,Honduras,76.0,215.0,5.0,0.023255813953488372,0.35348837209302325,America
Friendly,Hong Kong,46.0,110.0,20.0,0.18181818181818182,0.41818181818181815,Asia
Friendly,Hungary,238.0,513.0,272.0,0.530214424951267,0.46393762183235865,Europe
Friendly,Iceland,76.0,211.0,-22.0,-0.10426540284360189,0.36018957345971564,Europe
Friendly,India,38.0,121.0,-67.0,-0.5537190082644629,0.3140495867768595,Asia
Friendly,Indonesia,58.0,157.0,-21.0,-0.1337579617834395,0.36942675159235666,Asia
Friendly,Iran,99.0,198.0,126.0,0.6363636363636364,0.5,Asia
Friendly,Iraq,81.0,208.0,38.0,0.18269230769230768,0.3894230769230769,Asia
Friendly,Israel,69.0,211.0,-18.0,-0.08530805687203792,0.32701421800947866,Asia
Friendly,Italy,183.0,369.0,235.0,0.6368563685636857,0.4959349593495935,Europe
Friendly,Ivory Coast,116.0,244.0,89.0,0.36475409836065575,0.47540983606557374,Africa
Friendly,Jamaica,105.0,300.0,-68.0,-0.22666666666666666,0.35,America
Friendly,Japan,100.0,236.0,21.0,0.08898305084745763,0.423728813559322,Asia
Friendly,Jersey,12.0,21.0,10.0,0.47619047619047616,0.5714285714285714,Europe
Friendly,Jordan,58.0,201.0,-3.0,-0.014925373134328358,0.2885572139303483,Asia
Friendly,Kazakhstan,24.0,72.0,-12.0,-0.16666666666666666,0.3333333333333333,Asia
Friendly,Kenya,101.0,286.0,-52.0,-0.18181818181818182,0.3531468531468531,Africa
Friendly,Kuwait,77.0,231.0,42.0,0.18181818181818182,0.3333333333333333,Asia
Friendly,Kyrgyzstan,9.0,55.0,-72.0,-1.309090909090909,0.16363636363636364,Asia
Friendly,Laos,3.0,26.0,-61.0,-2.3461538461538463,0.11538461538461539,Asia
Friendly,Latvia,42.0,159.0,-96.0,-0.6037735849056604,0.2641509433962264,Europe
Friendly,Lebanon,25.0,114.0,-60.0,-0.5263157894736842,0.21929824561403508,Asia
Friendly,Lesotho,18.0,112.0,-86.0,-0.7678571428571429,0.16071428571428573,Africa
Friendly,Liberia,23.0,86.0,-35.0,-0.4069767441860465,0.26744186046511625,Africa
Friendly,Libya,67.0,167.0,6.0,0.03592814371257485,0.40119760479041916,Africa
Friendly,Liechtenstein,7.0,65.0,-137.0,-2.1076923076923078,0.1076923076923077,Europe
Friendly,Lithuania,38.0,155.0,-148.0,-0.9548387096774194,0.24516129032258063,Europe
Friendly,Luxembourg,18.0,143.0,-221.0,-1.5454545454545454,0.1258741258741259,Europe
Friendly,Macao,3.0,31.0,-67.0,-2.161290322580645,0.0967741935483871,Asia
Friendly,Madagascar,34.0,78.0,1.0,0.01282051282051282,0.4358974358974359,Africa
Friendly,Malawi,101.0,282.0,-23.0,-0.08156028368794327,0.35815602836879434,Africa
Friendly,Malaysia,49.0,162.0,-39.0,-0.24074074074074073,0.30246913580246915,Asia
Friendly,Maldives,6.0,37.0,-34.0,-0.918918918918919,0.16216216216216217,Asia
Friendly,Mali,78.0,224.0,-21.0,-0.09375,0.3482142857142857,Africa
Friendly,Malta,31.0,144.0,-137.0,-0.9513888888888888,0.2152777777777778,Europe
Friendly,Martinique,65.0,142.0,83.0,0.5845070422535211,0.45774647887323944,America
Friendly,Mauritania,13.0,72.0,-57.0,-0.7916666666666666,0.18055555555555555,Africa
Friendly,Mauritius,45.0,103.0,61.0,0.5922330097087378,0.4368932038834951,Africa
Friendly,Mayotte,0.0,7.0,-5.0,-0.7142857142857143,0.0,Africa
Friendly,Mexico,208.0,435.0,190.0,0.4367816091954023,0.4781609195402299,America
Friendly,Moldova,22.0,94.0,-38.0,-0.40425531914893614,0.23404255319148937,Europe
Friendly,Mongolia,1.0,13.0,-42.0,-3.230769230769231,0.07692307692307693,Asia
Friendly,Montenegro,17.0,45.0,-2.0,-0.044444444444444446,0.37777777777777777,Europe
Friendly,Morocco,105.0,216.0,120.0,0.5555555555555556,0.4861111111111111,Africa
Friendly,Mozambique,38.0,116.0,-22.0,-0.1896551724137931,0.3275862068965517,Africa
Friendly,Myanmar,23.0,85.0,-60.0,-0.7058823529411765,0.27058823529411763,Asia
Friendly,Namibia,10.0,61.0,-29.0,-0.47540983606557374,0.16393442622950818,Africa
Friendly,Nepal,13.0,49.0,-47.0,-0.9591836734693877,0.2653061224489796,Asia
Friendly,Netherlands,187.0,441.0,198.0,0.4489795918367347,0.42403628117913833,Europe
Friendly,New Caledonia,25.0,57.0,-8.0,-0.14035087719298245,0.43859649122807015,Oceania
Friendly,New Zealand,68.0,203.0,-64.0,-0.31527093596059114,0.33497536945812806,Oceania
Friendly,Nicaragua,11.0,53.0,-57.0,-1.0754716981132075,0.20754716981132076,America
Friendly,Niger,21.0,95.0,-45.0,-0.47368421052631576,0.22105263157894736,Africa
Friendly,Nigeria,103.0,248.0,81.0,0.32661290322580644,0.4153225806451613,Africa
Friendly,North Korea,31.0,96.0,21.0,0.21875,0.3229166666666667,Asia
Friendly,North Macedonia,37.0,102.0,14.0,0.13725490196078433,0.3627450980392157,Europe
Friendly,Northern Ireland,32.0,122.0,-76.0,-0.6229508196721312,0.26229508196721313,Europe
Friendly,Northern Mariana Islands,1.0,5.0,-7.0,-1.4,0.2,Oceania
Friendly,Norway,139.0,383.0,-84.0,-0.2193211488250653,0.3629242819843342,Europe
Friendly,Oman,84.0,197.0,26.0,0.1319796954314721,0.4263959390862944,Asia
Friendly,Pakistan,16.0,70.0,-74.0,-1.0571428571428572,0.22857142857142856,Asia
Friendly,Palau,0.0,2.0,-17.0,-8.5,0.0,Oceania
Friendly,Palestine,18.0,67.0,-26.0,-0.3880597014925373,0.26865671641791045,Asia
Friendly,Panama,62.0,200.0,-84.0,-0.42,0.31,America
Friendly,Papua New Guinea,1.0,18.0,-26.0,-1.4444444444444444,0.05555555555555555,Oceania
Friendly,Paraguay,94.0,257.0,-2.0,-0.007782101167315175,0.3657587548638132,America
Friendly,Peru,81.0,247.0,-42.0,-0.1700404858299595,0.32793522267206476,America
Friendly,Philippines,22.0,70.0,-36.0,-0.5142857142857142,0.3142857142857143,Asia
Friendly,Poland,207.0,497.0,153.0,0.30784708249496984,0.4164989939637827,Europe
Friendly,Portugal,111.0,276.0,52.0,0.18840579710144928,0.40217391304347827,Europe
Friendly,Puerto Rico,6.0,42.0,-83.0,-1.9761904761904763,0.14285714285714285,America
Friendly,Qatar,78.0,204.0,-8.0,-0.0392156862745098,0.38235294117647056,Asia
Friendly,Republic of Ireland,98.0,251.0,15.0,0.05976095617529881,0.3904382470119522,Europe
Friendly,Romania,123.0,307.0,44.0,0.14332247557003258,0.4006514657980456,Europe
Friendly,Russia,146.0,332.0,152.0,0.4578313253012048,0.4397590361445783,Europe
Friendly,Rwanda,19.0,67.0,-12.0,-0.1791044776119403,0.2835820895522388,Africa
Friendly,Réunion,18.0,70.0,-90.0,-1.2857142857142858,0.2571428571428571,Africa
Friendly,Saint Kitts and Nevis,19.0,51.0,-21.0,-0.4117647058823529,0.37254901960784315,America
Friendly,Saint Lucia,10.0,50.0,-64.0,-1.28,0.2,America
Friendly,Saint Vincent and the Grenadines,11.0,30.0,5.0,0.16666666666666666,0.36666666666666664,America
Friendly,San Marino,1.0,18.0,-53.0,-2.9444444444444446,0.05555555555555555,Europe
Friendly,Saudi Arabia,107.0,257.0,50.0,0.19455252918287938,0.4163424124513619,Asia
Friendly,Scotland,100.0,229.0,59.0,0.2576419213973799,0.4366812227074236,Europe
Friendly,Senegal,88.0,228.0,-7.0,-0.03070175438596491,0.38596491228070173,Africa
Friendly,Serbia,48.0,120.0,29.0,0.24166666666666667,0.4,Europe
Friendly,Seychelles,8.0,31.0,-28.0,-0.9032258064516129,0.25806451612903225,Africa
Friendly,Sierra Leone,26.0,86.0,-56.0,-0.6511627906976745,0.3023255813953488,Africa
Friendly,Singapore,68.0,200.0,-66.0,-0.33,0.34,Asia
Friendly,Slovakia,46.0,133.0,-8.0,-0.06015037593984962,0.3458646616541353,Europe
Friendly,Slovenia,27.0,85.0,-7.0,-0.08235294117647059,0.3176470588235294,Europe
Friendly,Solomon Islands,19.0,42.0,23.0,0.5476190476190477,0.4523809523809524,Oceania
Friendly,Somalia,1.0,10.0,-35.0,-3.5,0.1,Africa
Friendly,South Africa,79.0,178.0,63.0,0.3539325842696629,0.4438202247191011,Africa
Friendly,South Korea,134.0,292.0,90.0,0.3082191780821918,0.4589041095890411,Asia
Friendly,South Sudan,0.0,7.0,-7.0,-1.0,0.0,Africa
Friendly,Spain,172.0,324.0,275.0,0.8487654320987654,0.5308641975308642,Europe
Friendly,Sri Lanka,9.0,64.0,-96.0,-1.5,0.140625,Asia
Friendly,Sudan,36.0,118.0,-44.0,-0.3728813559322034,0.3050847457627119,Africa
Friendly,Suriname,80.0,164.0,130.0,0.7926829268292683,0.4878048780487805,America
Friendly,Sweden,244.0,531.0,301.0,0.5668549905838042,0.4595103578154426,Europe
Friendly,Switzerland,148.0,444.0,-167.0,-0.3761261261261261,0.3333333333333333,Europe
Friendly,Syria,43.0,163.0,-60.0,-0.36809815950920244,0.26380368098159507,Asia
Friendly,São Tomé and Príncipe,0.0,10.0,-14.0,-1.4,0.0,Africa
Friendly,Taiwan,13.0,37.0,-17.0,-0.4594594594594595,0.35135135135135137,Asia
Friendly,Tajikistan,14.0,56.0,-39.0,-0.6964285714285714,0.25,Asia
Friendly,Tanzania,53.0,229.0,-166.0,-0.7248908296943232,0.2314410480349345,Africa
Friendly,Thailand,47.0,115.0,3.0,0.02608695652173913,0.40869565217391307,Asia
Friendly,Togo,54.0,172.0,-64.0,-0.37209302325581395,0.313953488372093,Africa
Friendly,Tonga,0.0,7.0,-24.0,-3.4285714285714284,0.0,Oceania
Friendly,Trinidad and Tobago,146.0,354.0,119.0,0.3361581920903955,0.4124293785310734,America
Friendly,Tunisia,107.0,273.0,66.0,0.24175824175824176,0.39194139194139194,Africa
Friendly,Turkey,105.0,268.0,-7.0,-0.026119402985074626,0.3917910447761194,Asia
Friendly,Turkmenistan,11.0,43.0,-25.0,-0.5813953488372093,0.2558139534883721,Asia
Friendly,Tuvalu,2.0,6.0,-29.0,-4.833333333333333,0.3333333333333333,Oceania
Friendly,Uganda,90.0,253.0,54.0,0.2134387351778656,0.3557312252964427,Africa
Friendly,Ukraine,53.0,121.0,37.0,0.30578512396694213,0.4380165289256198,Europe
Friendly,United Arab Emirates,73.0,194.0,31.0,0.15979381443298968,0.37628865979381443,Asia
Friendly,United States,131.0,365.0,-59.0,-0.16164383561643836,0.3589041095890411,America
Friendly,Uruguay,121.0,307.0,34.0,0.11074918566775244,0.3941368078175896,America
Friendly,Uzbekistan,38.0,121.0,3.0,0.024793388429752067,0.3140495867768595,Asia
Friendly,Vanuatu,12.0,42.0,-30.0,-0.7142857142857143,0.2857142857142857,Oceania
Friendly,Venezuela,59.0,162.0,-3.0,-0.018518518518518517,0.36419753086419754,America
Friendly,Vietnam,34.0,82.0,21.0,0.25609756097560976,0.4146341463414634,Asia
Friendly,Wales,48.0,155.0,-68.0,-0.43870967741935485,0.3096774193548387,Europe
Friendly,Yemen,16.0,71.0,-70.0,-0.9859154929577465,0.22535211267605634,Asia
Friendly,Zambia,133.0,309.0,148.0,0.47896440129449835,0.43042071197411,Africa
Friendly,Zimbabwe,69.0,183.0,15.0,0.08196721311475409,0.3770491803278688,Africa
Other,Afghanistan,24.0,88.0,-91.0,-1.0340909090909092,0.2727272727272727,Asia
Other,Albania,54.0,237.0,-201.0,-0.8481012658227848,0.22784810126582278,Europe
Other,Algeria,105.0,214.0,173.0,0.8084112149532711,0.49065420560747663,Africa
Other,American Samoa,4.0,44.0,-258.0,-5.863636363636363,0.09090909090909091,Oceania
Other,Andorra,5.0,137.0,-339.0,-2.4744525547445257,0.0364963503649635,Europe
Other,Angola,84.0,207.0,50.0,0.24154589371980675,0.4057971014492754,Africa
Other,Anguilla,1.0,44.0,-196.0,-4.454545454545454,0.022727272727272728,America
Other,Antigua and Barbuda,38.0,133.0,-79.0,-0.5939849624060151,0.2857142857142857,America
Other,Argentina,181.0,349.0,230.0,0.6590257879656161,0.5186246418338109,America
Other,Armenia,38.0,162.0,-119.0,-0.7345679012345679,0.2345679012345679,Asia
Other,Aruba,11.0,67.0,-108.0,-1.6119402985074627,0.16417910447761194,America
Other,Australia,138.0,238.0,402.0,1.6890756302521008,0.5798319327731093,Oceania
Other,Austria,140.0,289.0,148.0,0.5121107266435986,0.4844290657439446,Europe
Other,Azerbaijan,16.0,145.0,-211.0,-1.4551724137931035,0.1103448275862069,Asia
Other,Bahamas,7.0,29.0,-70.0,-2.413793103448276,0.2413793103448276,America
Other,Bahrain,112.0,334.0,-19.0,-0.05688622754491018,0.33532934131736525,Asia
Other,Bangladesh,39.0,184.0,-246.0,-1.3369565217391304,0.21195652173913043,Asia
Other,Barbados,40.0,127.0,-51.0,-0.4015748031496063,0.31496062992125984,America
Other,Belarus,40.0,151.0,-85.0,-0.5629139072847682,0.26490066225165565,Europe
Other,Belgium,148.0,268.0,257.0,0.9589552238805971,0.5522388059701493,Europe
Other,Belize,11.0,64.0,-87.0,-1.359375,0.171875,America
Other,Benin,38.0,130.0,-73.0,-0.5615384615384615,0.2923076923076923,Africa
Other,Bermuda,29.0,75.0,16.0,0.21333333333333335,0.38666666666666666,America
Other,Bhutan,6.0,66.0,-250.0,-3.787878787878788,0.09090909090909091,Asia
Other,Bolivia,53.0,206.0,-140.0,-0.6796116504854369,0.25728155339805825,America
Other,Bosnia and Herzegovina,66.0,155.0,44.0,0.2838709677419355,0.4258064516129032,Europe
Other,Botswana,35.0,147.0,-79.0,-0.5374149659863946,0.23809523809523808,Africa
Other,Brazil,167.0,272.0,351.0,1.2904411764705883,0.6139705882352942,America
Other,Bulgaria,132.0,295.0,44.0,0.14915254237288136,0.44745762711864406,Europe
Other,Burkina Faso,61.0,167.0,-16.0,-0.09580838323353294,0.3652694610778443,Africa
Other,Burundi,48.0,147.0,-28.0,-0.19047619047619047,0.32653061224489793,Africa
Other,Cambodia,36.0,176.0,-308.0,-1.75,0.20454545454545456,Asia
Other,Cameroon,129.0,239.0,183.0,0.7656903765690377,0.5397489539748954,Africa
Other,Canada,86.0,201.0,56.0,0.27860696517412936,0.42786069651741293,America
Other,Cape Verde,50.0,134.0,-21.0,-0.15671641791044777,0.373134328358209,Africa
Other,Cayman Islands,9.0,64.0,-119.0,-1.859375,0.140625,America
Other,Central African Republic,16.0,77.0,-59.0,-0.7662337662337663,0.2077922077922078,Africa
Other,Chad,19.0,90.0,-75.0,-0.8333333333333334,0.2111111111111111,Africa
Other,Chile,94.0,249.0,0.0,0.0,0.37751004016064255,America
Other,China,165.0,320.0,330.0,1.03125,0.515625,Asia
Other,Colombia,70.0,198.0,13.0,0.06565656565656566,0.35353535353535354,America
Other,Comoros,7.0,53.0,-53.0,-1.0,0.1320754716981132,Africa
Other,Congo,73.0,211.0,-13.0,-0.061611374407582936,0.3459715639810427,Africa
Other,Cook Islands,8.0,33.0,-132.0,-4.0,0.24242424242424243,Oceania
Other,Costa Rica,183.0,365.0,304.0,0.8328767123287671,0.5013698630136987,America
Other,Croatia,90.0,159.0,149.0,0.9371069182389937,0.5660377358490566,Europe
Other,Cuba,87.0,223.0,-16.0,-0.07174887892376682,0.3901345291479821,America
Other,Curaçao,56.0,203.0,-89.0,-0.43842364532019706,0.27586206896551724,America
Other,Cyprus,50.0,272.0,-415.0,-1.525735294117647,0.18382352941176472,Asia
Other,Czech Republic,104.0,173.0,184.0,1.0635838150289016,0.6011560693641619,Europe
Other,DR Congo,110.0,225.0,136.0,0.6044444444444445,0.4888888888888889,Africa
Other,Denmark,205.0,403.0,298.0,0.739454094292804,0.5086848635235732,Europe
Other,Djibouti,3.0,76.0,-242.0,-3.1842105263157894,0.039473684210526314,Africa
Other,Dominica,24.0,138.0,-160.0,-1.1594202898550725,0.17391304347826086,America
Other,Dominican Republic,29.0,83.0,-39.0,-0.46987951807228917,0.3493975903614458,America
Other,Ecuador,60.0,173.0,-34.0,-0.19653179190751446,0.3468208092485549,America
Other,Egypt,132.0,247.0,226.0,0.9149797570850202,0.5344129554655871,Africa
Other,El Salvador,122.0,296.0,42.0,0.14189189189189189,0.41216216216216217,America
Other,England,314.0,506.0,781.0,1.5434782608695652,0.6205533596837944,Europe
Other,Equatorial Guinea,19.0,91.0,-83.0,-0.9120879120879121,0.2087912087912088,Africa
Other,Eritrea,9.0,61.0,-68.0,-1.1147540983606556,0.14754098360655737,Africa
Other,Estonia,46.0,236.0,-243.0,-1.0296610169491525,0.19491525423728814,Europe
Other,Eswatini,26.0,125.0,-100.0,-0.8,0.208,Africa
Other,Ethiopia,70.0,219.0,-78.0,-0.3561643835616438,0.319634703196347,Africa
Other,Falkland Islands,0.0,11.0,-58.0,-5.2727272727272725,0.0,America
Other,Faroe Islands,23.0,173.0,-312.0,-1.8034682080924855,0.1329479768786127,Europe
Other,Fiji,61.0,119.0,165.0,1.3865546218487395,0.5126050420168067,Oceania
Other,Finland,106.0,426.0,-429.0,-1.0070422535211268,0.24882629107981222,Europe
Other,France,156.0,250.0,323.0,1.292,0.624,Europe
Other,French Guiana,33.0,101.0,13.0,0.12871287128712872,0.32673267326732675,America
Other,Gabon,73.0,171.0,45.0,0.2631578947368421,0.4269005847953216,Africa
Other,Gambia,29.0,129.0,-59.0,-0.4573643410852713,0.2248062015503876,Africa
Other,Georgia,41.0,154.0,-59.0,-0.38311688311688313,0.2662337662337662,Asia
Other,Germany,207.0,317.0,487.0,1.5362776025236593,0.6529968454258676,Europe
Other,Ghana,112.0,217.0,180.0,0.8294930875576036,0.5161290322580645,Africa
Other,Gibraltar,10.0,66.0,-181.0,-2.742424242424242,0.15151515151515152,Europe
Other,Greece,124.0,280.0,23.0,0.08214285714285714,0.44285714285714284,Europe
Other,Greenland,6.0,24.0,-14.0,-0.5833333333333334,0.25,America
Other,Grenada,57.0,154.0,-17.0,-0.11038961038961038,0.37012987012987014,America
Other,Guadeloupe,55.0,131.0,51.0,0.3893129770992366,0.4198473282442748,America
Other,Guam,15.0,85.0,-370.0,-4.352941176470588,0.17647058823529413,Oceania
Other,Guatemala,96.0,246.0,82.0,0.3333333333333333,0.3902439024390244,America
Other,Guernsey,12.0,21.0,23.0,1.0952380952380953,0.5714285714285714,Europe
Other,Guinea,104.0,254.0,59.0,0.23228346456692914,0.4094488188976378,Africa
Other,Guinea-Bissau,31.0,122.0,-79.0,-0.6475409836065574,0.2540983606557377,Africa
Other,Guyana,37.0,116.0,-50.0,-0.43103448275862066,0.31896551724137934,America
Other,Haiti,114.0,238.0,106.0,0.44537815126050423,0.4789915966386555,America
Other,Honduras,133.0,302.0,123.0,0.40728476821192056,0.44039735099337746,America
Other,Hong Kong,67.0,265.0,-129.0,-0.4867924528301887,0.2528301886792453,Asia
Other,Hungary,154.0,325.0,168.0,0.5169230769230769,0.47384615384615386,Europe
Other,Iceland,64.0,241.0,-193.0,-0.8008298755186722,0.26556016597510373,Europe
Other,India,106.0,299.0,-65.0,-0.21739130434782608,0.35451505016722407,Asia
Other,Indonesia,150.0,404.0,-11.0,-0.027227722772277228,0.3712871287128713,Asia
Other,Iran,183.0,294.0,448.0,1.5238095238095237,0.6224489795918368,Asia
Other,Iraq,175.0,355.0,317.0,0.8929577464788733,0.49295774647887325,Asia
Other,Isle of Man,12.0,23.0,15.0,0.6521739130434783,0.5217391304347826,Europe
Other,Israel,87.0,225.0,27.0,0.12,0.38666666666666666,Asia
Other,Italy,177.0,292.0,332.0,1.1369863013698631,0.6061643835616438,Europe
Other,Ivory Coast,127.0,231.0,204.0,0.8831168831168831,0.5497835497835498,Africa
Other,Jamaica,112.0,264.0,42.0,0.1590909090909091,0.42424242424242425,America
Other,Japan,208.0,394.0,362.0,0.9187817258883249,0.5279187817258884,Asia
Other,Jersey,18.0,25.0,27.0,1.08,0.72,Europe
Other,Jordan,88.0,215.0,45.0,0.20930232558139536,0.40930232558139534,Asia
Other,Kazakhstan,26.0,143.0,-130.0,-0.9090909090909091,0.18181818181818182,Asia
Other,Kenya,115.0,314.0,-3.0,-0.009554140127388535,0.3662420382165605,Africa
Other,Kiribati,0.0,10.0,-103.0,-10.3,0.0,Oceania
Other,Kuwait,166.0,350.0,213.0,0.6085714285714285,0.4742857142857143,Asia
Other,Kyrgyzstan,37.0,92.0,-19.0,-0.20652173913043478,0.40217391304347827,Asia
Other,Laos,16.0,124.0,-302.0,-2.435483870967742,0.12903225806451613,Asia
Other,Latvia,77.0,251.0,-73.0,-0.2908366533864542,0.30677290836653387,Europe
Other,Lebanon,53.0,175.0,-54.0,-0.30857142857142855,0.3028571428571429,Asia
Other,Lesotho,29.0,145.0,-117.0,-0.8068965517241379,0.2,Africa
Other,Liberia,46.0,165.0,-97.0,-0.5878787878787879,0.2787878787878788,Africa
Other,Libya,55.0,169.0,26.0,0.15384615384615385,0.3254437869822485,Africa
Other,Liechtenstein,10.0,151.0,-385.0,-2.5496688741721854,0.06622516556291391,Europe
Other,Lithuania,67.0,231.0,-150.0,-0.6493506493506493,0.29004329004329005,Europe
Other,Luxembourg,22.0,259.0,-601.0,-2.3204633204633205,0.08494208494208494,Europe
Other,Macao,15.0,93.0,-214.0,-2.3010752688172045,0.16129032258064516,Asia
Other,Madagascar,50.0,149.0,-58.0,-0.38926174496644295,0.33557046979865773,Africa
Other,Malawi,87.0,279.0,-51.0,-0.1827956989247312,0.3118279569892473,Africa
Other,Malaysia,187.0,491.0,52.0,0.10590631364562118,0.38085539714867617,Asia
Other,Maldives,43.0,131.0,-108.0,-0.8244274809160306,0.3282442748091603,Asia
Other,Mali,110.0,236.0,98.0,0.4152542372881356,0.4661016949152542,Africa
Other,Malta,21.0,267.0,-546.0,-2.044943820224719,0.07865168539325842,Europe
Other,Martinique,66.0,154.0,42.0,0.2727272727272727,0.42857142857142855,America
Other,Mauritania,29.0,152.0,-130.0,-0.8552631578947368,0.19078947368421054,Africa
Other,Mauritius,23.0,144.0,-172.0,-1.1944444444444444,0.1597222222222222,Africa
Other,Mayotte,2.0,10.0,-5.0,-0.5,0.2,Africa
Other,Mexico,208.0,346.0,454.0,1.3121387283236994,0.6011560693641619,America
Other,Moldova,24.0,158.0,-197.0,-1.2468354430379747,0.1518987341772152,Europe
Other,Mongolia,16.0,59.0,-85.0,-1.4406779661016949,0.2711864406779661,Asia
Other,Montenegro,25.0,80.0,-14.0,-0.175,0.3125,Europe
Other,Montserrat,8.0,38.0,-100.0,-2.6315789473684212,0.21052631578947367,America
Other,Morocco,127.0,247.0,208.0,0.8421052631578947,0.5141700404858299,Africa
Other,Mozambique,68.0,198.0,-27.0,-0.13636363636363635,0.3434343434343434,Africa
Other,Myanmar,127.0,274.0,75.0,0.2737226277372263,0.4635036496350365,Asia
Other,Namibia,56.0,176.0,-59.0,-0.3352272727272727,0.3181818181818182,Africa
Other,Nepal,26.0,137.0,-253.0,-1.8467153284671534,0.1897810218978102,Asia
Other,Netherlands,172.0,265.0,424.0,1.6,0.6490566037735849,Europe
Other,New Caledonia,68.0,113.0,254.0,2.247787610619469,0.6017699115044248,Oceania
Other,New Zealand,72.0,143.0,99.0,0.6923076923076923,0.5034965034965035,Oceania
Other,Nicaragua,20.0,112.0,-241.0,-2.1517857142857144,0.17857142857142858,America
Other,Niger,31.0,119.0,-112.0,-0.9411764705882353,0.2605042016806723,Africa
Other,Nigeria,111.0,221.0,163.0,0.7375565610859729,0.502262443438914,Africa
Other,Niue,0.0,1.0,-19.0,-19.0,0.0,Oceania
Other,North Korea,112.0,237.0,156.0,0.6582278481012658,0.47257383966244726,Asia
Other,North Macedonia,40.0,152.0,-47.0,-0.3092105263157895,0.2631578947368421,Europe
Other,Northern Ireland,133.0,518.0,-453.0,-0.8745173745173745,0.25675675675675674,Europe
Other,Northern Mariana Islands,1.0,18.0,-75.0,-4.166666666666667,0.05555555555555555,Oceania
Other,Norway,157.0,409.0,-13.0,-0.03178484107579462,0.38386308068459657,Europe
Other,Oman,91.0,271.0,-21.0,-0.07749077490774908,0.33579335793357934,Asia
Other,Pakistan,22.0,121.0,-201.0,-1.6611570247933884,0.18181818181818182,Asia
Other,Palestine,35.0,130.0,-14.0,-0.1076923076923077,0.2692307692307692,Asia
Other,Panama,81.0,244.0,-62.0,-0.2540983606557377,0.3319672131147541,America
Other,Papua New Guinea,32.0,83.0,76.0,0.9156626506024096,0.3855421686746988,Oceania
Other,Paraguay,94.0,271.0,-48.0,-0.17712177121771217,0.34686346863468637,America
Other,Peru,64.0,218.0,-53.0,-0.24311926605504589,0.29357798165137616,America
Other,Philippines,38.0,156.0,-206.0,-1.3205128205128205,0.24358974358974358,Asia
Other,Poland,125.0,253.0,168.0,0.6640316205533597,0.49407114624505927,Europe
Other,Portugal,161.0,279.0,279.0,1.0,0.5770609318996416,Europe
Other,Puerto Rico,16.0,75.0,-70.0,-0.9333333333333333,0.21333333333333335,America
Other,Qatar,156.0,352.0,154.0,0.4375,0.4431818181818182,Asia
Other,Republic of Ireland,117.0,297.0,99.0,0.3333333333333333,0.3939393939393939,Europe
Other,Romania,159.0,305.0,249.0,0.8163934426229508,0.521311475409836,Europe
Other,Russia,176.0,278.0,354.0,1.2733812949640289,0.6330935251798561,Europe
Other,Rwanda,61.0,172.0,-21.0,-0.12209302325581395,0.3546511627906977,Africa
Other,Réunion,9.0,11.0,34.0,3.090909090909091,0.8181818181818182,Africa
Other,Saint Kitts and Nevis,44.0,120.0,4.0,0.03333333333333333,0.36666666666666664,America
Other,Saint Lucia,48.0,141.0,-75.0,-0.5319148936170213,0.3404255319148936,America
Other,Saint Pierre and Miquelon,0.0,7.0,-76.0,-10.857142857142858,0.0,America
Other,Saint Vincent and the Grenadines,49.0,116.0,5.0,0.04310344827586207,0.4224137931034483,America
Other,Samoa,16.0,42.0,-62.0,-1.4761904761904763,0.38095238095238093,Oceania
Other,San Marino,0.0,162.0,-695.0,-4.290123456790123,0.0,Europe
Other,Saudi Arabia,198.0,364.0,308.0,0.8461538461538461,0.5439560439560439,Asia
Other,Scotland,270.0,526.0,352.0,0.6692015209125475,0.5133079847908745,Europe
Other,Senegal,130.0,253.0,192.0,0.758893280632411,0.5138339920948617,Africa
Other,Serbia,80.0,156.0,136.0,0.8717948717948718,0.5128205128205128,Europe
Other,Seychelles,6.0,88.0,-153.0,-1.7386363636363635,0.06818181818181818,Africa
Other,Sierra Leone,52.0,169.0,-41.0,-0.24260355029585798,0.3076923076923077,Africa
Other,Singapore,95.0,355.0,-272.0,-0.7661971830985915,0.2676056338028169,Asia
Other,Slovakia,76.0,171.0,70.0,0.4093567251461988,0.4444444444444444,Europe
Other,Slovenia,65.0,171.0,25.0,0.14619883040935672,0.38011695906432746,Europe
Other,Solomon Islands,49.0,107.0,59.0,0.5514018691588785,0.45794392523364486,Oceania
Other,Somalia,7.0,90.0,-202.0,-2.2444444444444445,0.07777777777777778,Africa
Other,South Africa,92.0,194.0,90.0,0.4639175257731959,0.4742268041237113,Africa
Other,South Korea,327.0,557.0,707.0,1.2692998204667865,0.5870736086175943,Asia
Other,South Sudan,8.0,41.0,-45.0,-1.0975609756097562,0.1951219512195122,Africa
Other,Spain,180.0,256.0,450.0,1.7578125,0.703125,Europe
Other,Sri Lanka,29.0,145.0,-213.0,-1.4689655172413794,0.2,Asia
Other,Sudan,92.0,266.0,-46.0,-0.17293233082706766,0.3458646616541353,Africa
Other,Suriname,71.0,184.0,29.0,0.15760869565217392,0.3858695652173913,America
Other,Sweden,236.0,409.0,420.0,1.0268948655256724,0.5770171149144254,Europe
Other,Switzerland,120.0,290.0,64.0,0.2206896551724138,0.41379310344827586,Europe
Other,Syria,112.0,264.0,110.0,0.4166666666666667,0.42424242424242425,Asia
Other,São Tomé and Príncipe,8.0,38.0,-65.0,-1.7105263157894737,0.21052631578947367,Africa
Other,Taiwan,30.0,132.0,-206.0,-1.5606060606060606,0.22727272727272727,Asia
Other,Tajikistan,44.0,94.0,46.0,0.48936170212765956,0.46808510638297873,Asia
Other,Tanzania,72.0,265.0,-66.0,-0.2490566037735849,0.27169811320754716,Africa
Other,Thailand,187.0,542.0,-75.0,-0.13837638376383765,0.34501845018450183,Asia
Other,Timor-Leste,0.0,6.0,-25.0,-4.166666666666667,0.0,Asia
Other,Togo,65.0,196.0,-17.0,-0.08673469387755102,0.33163265306122447,Africa
Other,Tonga,13.0,43.0,-103.0,-2.395348837209302,0.3023255813953488,Oceania
Other,Trinidad and Tobago,143.0,314.0,140.0,0.445859872611465,0.4554140127388535,America
Other,Tunisia,121.0,225.0,195.0,0.8666666666666667,0.5377777777777778,Africa
Other,Turkey,108.0,272.0,1.0,0.003676470588235294,0.39705882352941174,Asia
Other,Turkmenistan,42.0,97.0,29.0,0.29896907216494845,0.4329896907216495,Asia
Other,Turks and Caicos Islands,3.0,22.0,-100.0,-4.545454545454546,0.13636363636363635,America
Other,Tuvalu,3.0,20.0,-88.0,-4.4,0.15,Oceania
Other,Uganda,152.0,326.0,147.0,0.450920245398773,0.4662576687116564,Africa
Other,Ukraine,71.0,154.0,79.0,0.512987012987013,0.461038961038961,Europe
Other,United Arab Emirates,143.0,345.0,45.0,0.13043478260869565,0.4144927536231884,Asia
Other,United States,168.0,293.0,219.0,0.7474402730375427,0.5733788395904437,America
Other,Uruguay,131.0,328.0,41.0,0.125,0.39939024390243905,America
Other,Uzbekistan,87.0,165.0,125.0,0.7575757575757576,0.5272727272727272,Asia
Other,Vanuatu,40.0,107.0,23.0,0.21495327102803738,0.37383177570093457,Oceania
Other,Venezuela,27.0,161.0,-222.0,-1.3788819875776397,0.16770186335403728,America
Other,Vietnam,123.0,308.0,39.0,0.1266233766233766,0.39935064935064934,Asia
Other,Wales,161.0,492.0,-176.0,-0.35772357723577236,0.32723577235772355,Europe
Other,Wallis Islands and Futuna,5.0,20.0,-59.0,-2.95,0.25,Oceania
Other,Yemen,32.0,182.0,-282.0,-1.5494505494505495,0.17582417582417584,Asia
Other,Zambia,171.0,356.0,203.0,0.5702247191011236,0.4803370786516854,Africa
Other,Zimbabwe,117.0,276.0,88.0,0.3188405797101449,0.42391304347826086,Africa
Other,Åland Islands,9.0,24.0,-10.0,-0.4166666666666667,0.375,Europe
UEFA Euro,Albania,1.0,3.0,-2.0,-0.6666666666666666,0.3333333333333333,Europe
UEFA Euro,Austria,2.0,10.0,-5.0,-0.5,0.2,Europe
UEFA Euro,Belgium,10.0,21.0,1.0,0.047619047619047616,0.47619047619047616,Europe
UEFA Euro,Bulgaria,1.0,6.0,-9.0,-1.5,0.16666666666666666,Europe
UEFA Euro,Croatia,9.0,22.0,2.0,0.09090909090909091,0.4090909090909091,Europe
UEFA Euro,Czech Republic,12.0,29.0,-1.0,-0.034482758620689655,0.41379310344827586,Europe
UEFA Euro,Denmark,9.0,32.0,-13.0,-0.40625,0.28125,Europe
UEFA Euro,England,15.0,37.0,15.0,0.40540540540540543,0.40540540540540543,Europe
UEFA Euro,Finland,1.0,3.0,-2.0,-0.6666666666666666,0.3333333333333333,Europe
UEFA Euro,France,20.0,40.0,21.0,0.525,0.5,Europe
UEFA Euro,Germany,25.0,50.0,20.0,0.4,0.5,Europe
UEFA Euro,Greece,5.0,15.0,-4.0,-0.26666666666666666,0.3333333333333333,Europe
UEFA Euro,Hungary,2.0,11.0,-6.0,-0.5454545454545454,0.18181818181818182,Europe
UEFA Euro,Iceland,2.0,5.0,-1.0,-0.2,0.4,Europe
UEFA Euro,Italy,20.0,42.0,19.0,0.4523809523809524,0.47619047619047616,Europe
UEFA Euro,Latvia,0.0,3.0,-4.0,-1.3333333333333333,0.0,Europe
UEFA Euro,Netherlands,19.0,36.0,25.0,0.6944444444444444,0.5277777777777778,Europe
UEFA Euro,Northern Ireland,1.0,4.0,-1.0,-0.25,0.25,Europe
UEFA Euro,Norway,1.0,3.0,0.0,0.0,0.3333333333333333,Europe
UEFA Euro,Poland,2.0,14.0,-4.0,-0.2857142857142857,0.14285714285714285,Europe
UEFA Euro,Portugal,19.0,39.0,18.0,0.46153846153846156,0.48717948717948717,Europe
UEFA Euro,Republic of Ireland,2.0,10.0,-11.0,-1.1,0.2,Europe
UEFA Euro,Romania,1.0,16.0,-11.0,-0.6875,0.0625,Europe
UEFA Euro,Russia,11.0,34.0,-16.0,-0.47058823529411764,0.3235294117647059,Europe
UEFA Euro,Scotland,2.0,9.0,-5.0,-0.5555555555555556,0.2222222222222222,Europe
UEFA Euro,Serbia,1.0,4.0,-5.0,-1.25,0.25,Europe
UEFA Euro,Slovakia,2.0,7.0,-8.0,-1.1428571428571428,0.2857142857142857,Europe
UEFA Euro,Slovenia,0.0,3.0,-1.0,-0.3333333333333333,0.0,Europe
UEFA Euro,Spain,21.0,46.0,26.0,0.5652173913043478,0.45652173913043476,Europe
UEFA Euro,Sweden,7.0,24.0,2.0,0.08333333333333333,0.2916666666666667,Europe
UEFA Euro,Switzerland,3.0,18.0,-8.0,-0.4444444444444444,0.16666666666666666,Europe
UEFA Euro,Turkey,4.0,18.0,-16.0,-0.8888888888888888,0.2222222222222222,Asia
UEFA Euro,Ukraine,3.0,11.0,-11.0,-1.0,0.2727272727272727,Europe
UEFA Euro,Wales,5.0,10.0,1.0,0.1,0.5,Europe
FIFA World Cup,Indonesia,0.0,1.0,-6.0,-6.0,0.0,Asia
FIFA World Cup,Kuwait,0.0,2.0,-4.0,-2.0,0.0,Asia
FIFA World Cup,Wales,1.0,5.0,0.0,0.0,0.2,Europe
Friendly,American Samoa,0.0,1.0,-6.0,-6.0,0.0,Oceania
Friendly,Anguilla,0.0,1.0,-15.0,-15.0,0.0,America
Friendly,Monaco,0.0,2.0,-4.0,-2.0,0.0,Europe
Friendly,Montserrat,0.0,1.0,-4.0,-4.0,0.0,America
Friendly,Samoa,0.0,4.0,-10.0,-2.5,0.0,Oceania
Friendly,Timor-Leste,0.0,1.0,0.0,0.0,0.0,Asia
Friendly,Turks and Caicos Islands,0.0,3.0,-12.0,-4.0,0.0,America
UEFA Euro,North Macedonia,0.0,3.0,-6.0,-2.0,0.0,Europe
